{"cameraMode":{"drawMode":0,"name":"Shaded","section":"Shading Mode"},"sceneLighting":false,"audioPlay":false,"sceneViewState":{"showFog":true,"showMaterialUpdate":false,"showSkybox":true,"showFlares":true,"showImageEffects":true,"showParticleSystems":true},"in2DMode":false,"pivot":{"x":-0.14328554272651673,"y":1.701852560043335,"z":-5.960464477539063e-8},"rotation":{"x":0.19309790432453156,"y":-0.02795933373272419,"z":0.00550562608987093,"w":0.9807656407356262},"size":176.09124755859376,"orthographic":false}