{"cameraMode":{"drawMode":0,"name":"Shaded","section":"Shading Mode"},"sceneLighting":false,"audioPlay":false,"sceneViewState":{"showFog":true,"showMaterialUpdate":false,"showSkybox":true,"showFlares":true,"showImageEffects":true,"showParticleSystems":true},"in2DMode":false,"pivot":{"x":15.699999809265137,"y":1.590000033378601,"z":-15.600000381469727},"rotation":{"x":0.28538450598716738,"y":0.2035772204399109,"z":-0.062170661985874179,"w":0.9344767928123474},"size":7.800057411193848,"orthographic":false}