{"cameraMode":{"drawMode":0,"name":"Shaded","section":"Shading Mode"},"sceneLighting":false,"audioPlay":false,"sceneViewState":{"showFog":true,"showMaterialUpdate":false,"showSkybox":true,"showFlares":true,"showImageEffects":true,"showParticleSystems":true},"in2DMode":false,"pivot":{"x":-0.8470858335494995,"y":1.3397220373153687,"z":-1.7881393432617188e-7},"rotation":{"x":0.3433312773704529,"y":0.0829683318734169,"z":-0.03046443685889244,"w":0.9350464344024658},"size":6.338831424713135,"orthographic":true}