{"cameraMode":{"drawMode":0,"name":"Shaded","section":"Shading Mode"},"sceneLighting":false,"audioPlay":false,"sceneViewState":{"showFog":true,"showMaterialUpdate":false,"showSkybox":true,"showFlares":true,"showImageEffects":true,"showParticleSystems":true},"in2DMode":false,"pivot":{"x":11.757375717163086,"y":2.1172280311584474,"z":-4.6167683601379398},"rotation":{"x":0.3987221419811249,"y":0.6004313230514526,"z":-0.5102687478065491,"w":0.4691787362098694},"size":9.366374015808106,"orthographic":true}