{"cameraMode":{"drawMode":0,"name":"Shaded","section":"Shading Mode"},"sceneLighting":false,"audioPlay":false,"sceneViewState":{"showFog":true,"showMaterialUpdate":false,"showSkybox":true,"showFlares":true,"showImageEffects":true,"showParticleSystems":true},"in2DMode":false,"pivot":{"x":-1.1520003080368043,"y":1.5679998397827149,"z":0.28000134229660036},"rotation":{"x":0.7071072459220886,"y":5.257168140815338e-7,"z":6.521747195620264e-7,"w":0.707106351852417},"size":21.057886123657228,"orthographic":false}